<?xml version="1.0" encoding="UTF-8"?>
<spirit:component xmlns:xilinx="http://www.xilinx.com" xmlns:spirit="http://www.spiritconsortium.org/XMLSchema/SPIRIT/1685-2009" xmlns:xsi="http://www.w3.org/2001/XMLSchema-instance">
  <spirit:vendor>xilinx.com</spirit:vendor>
  <spirit:library>user</spirit:library>
  <spirit:name>uicfg5640</spirit:name>
  <spirit:version>1.0</spirit:version>
  <spirit:busInterfaces>
    <spirit:busInterface>
      <spirit:name>rst_n</spirit:name>
      <spirit:busType spirit:vendor="xilinx.com" spirit:library="signal" spirit:name="reset" spirit:version="1.0"/>
      <spirit:abstractionType spirit:vendor="xilinx.com" spirit:library="signal" spirit:name="reset_rtl" spirit:version="1.0"/>
      <spirit:slave/>
      <spirit:portMaps>
        <spirit:portMap>
          <spirit:logicalPort>
            <spirit:name>RST</spirit:name>
          </spirit:logicalPort>
          <spirit:physicalPort>
            <spirit:name>rst_n</spirit:name>
          </spirit:physicalPort>
        </spirit:portMap>
      </spirit:portMaps>
      <spirit:parameters>
        <spirit:parameter>
          <spirit:name>POLARITY</spirit:name>
          <spirit:value spirit:id="BUSIFPARAM_VALUE.RST_N.POLARITY" spirit:choiceRef="choice_list_9d8b0d81">ACTIVE_LOW</spirit:value>
        </spirit:parameter>
      </spirit:parameters>
    </spirit:busInterface>
  </spirit:busInterfaces>
  <spirit:model>
    <spirit:views>
      <spirit:view>
        <spirit:name>xilinx_anylanguagesynthesis</spirit:name>
        <spirit:displayName>Synthesis</spirit:displayName>
        <spirit:envIdentifier>:vivado.xilinx.com:synthesis</spirit:envIdentifier>
        <spirit:language>Verilog</spirit:language>
        <spirit:modelName>uicfg5640</spirit:modelName>
        <spirit:fileSetRef>
          <spirit:localName>xilinx_anylanguagesynthesis_view_fileset</spirit:localName>
        </spirit:fileSetRef>
        <spirit:parameters>
          <spirit:parameter>
            <spirit:name>viewChecksum</spirit:name>
            <spirit:value>4e730f4b</spirit:value>
          </spirit:parameter>
        </spirit:parameters>
      </spirit:view>
      <spirit:view>
        <spirit:name>xilinx_anylanguagebehavioralsimulation</spirit:name>
        <spirit:displayName>Simulation</spirit:displayName>
        <spirit:envIdentifier>:vivado.xilinx.com:simulation</spirit:envIdentifier>
        <spirit:language>Verilog</spirit:language>
        <spirit:modelName>uicfg5640</spirit:modelName>
        <spirit:fileSetRef>
          <spirit:localName>xilinx_anylanguagebehavioralsimulation_view_fileset</spirit:localName>
        </spirit:fileSetRef>
        <spirit:parameters>
          <spirit:parameter>
            <spirit:name>viewChecksum</spirit:name>
            <spirit:value>4e730f4b</spirit:value>
          </spirit:parameter>
        </spirit:parameters>
      </spirit:view>
      <spirit:view>
        <spirit:name>xilinx_xpgui</spirit:name>
        <spirit:displayName>UI Layout</spirit:displayName>
        <spirit:envIdentifier>:vivado.xilinx.com:xgui.ui</spirit:envIdentifier>
        <spirit:fileSetRef>
          <spirit:localName>xilinx_xpgui_view_fileset</spirit:localName>
        </spirit:fileSetRef>
        <spirit:parameters>
          <spirit:parameter>
            <spirit:name>viewChecksum</spirit:name>
            <spirit:value>85212520</spirit:value>
          </spirit:parameter>
        </spirit:parameters>
      </spirit:view>
    </spirit:views>
    <spirit:ports>
      <spirit:port>
        <spirit:name>clk_i</spirit:name>
        <spirit:wire>
          <spirit:direction>in</spirit:direction>
          <spirit:wireTypeDefs>
            <spirit:wireTypeDef>
              <spirit:typeName>std_logic</spirit:typeName>
              <spirit:viewNameRef>xilinx_anylanguagesynthesis</spirit:viewNameRef>
              <spirit:viewNameRef>xilinx_anylanguagebehavioralsimulation</spirit:viewNameRef>
            </spirit:wireTypeDef>
          </spirit:wireTypeDefs>
        </spirit:wire>
      </spirit:port>
      <spirit:port>
        <spirit:name>rst_n</spirit:name>
        <spirit:wire>
          <spirit:direction>in</spirit:direction>
          <spirit:wireTypeDefs>
            <spirit:wireTypeDef>
              <spirit:typeName>std_logic</spirit:typeName>
              <spirit:viewNameRef>xilinx_anylanguagesynthesis</spirit:viewNameRef>
              <spirit:viewNameRef>xilinx_anylanguagebehavioralsimulation</spirit:viewNameRef>
            </spirit:wireTypeDef>
          </spirit:wireTypeDefs>
        </spirit:wire>
      </spirit:port>
      <spirit:port>
        <spirit:name>cmos_scl</spirit:name>
        <spirit:wire>
          <spirit:direction>out</spirit:direction>
          <spirit:wireTypeDefs>
            <spirit:wireTypeDef>
              <spirit:typeName>std_logic</spirit:typeName>
              <spirit:viewNameRef>xilinx_anylanguagesynthesis</spirit:viewNameRef>
              <spirit:viewNameRef>xilinx_anylanguagebehavioralsimulation</spirit:viewNameRef>
            </spirit:wireTypeDef>
          </spirit:wireTypeDefs>
        </spirit:wire>
      </spirit:port>
      <spirit:port>
        <spirit:name>cmos_sda</spirit:name>
        <spirit:wire>
          <spirit:direction>inout</spirit:direction>
          <spirit:wireTypeDefs>
            <spirit:wireTypeDef>
              <spirit:typeName>std_logic</spirit:typeName>
              <spirit:viewNameRef>xilinx_anylanguagesynthesis</spirit:viewNameRef>
              <spirit:viewNameRef>xilinx_anylanguagebehavioralsimulation</spirit:viewNameRef>
            </spirit:wireTypeDef>
          </spirit:wireTypeDefs>
        </spirit:wire>
      </spirit:port>
      <spirit:port>
        <spirit:name>cfg_done</spirit:name>
        <spirit:wire>
          <spirit:direction>out</spirit:direction>
          <spirit:wireTypeDefs>
            <spirit:wireTypeDef>
              <spirit:typeName>reg</spirit:typeName>
              <spirit:viewNameRef>xilinx_anylanguagesynthesis</spirit:viewNameRef>
              <spirit:viewNameRef>xilinx_anylanguagebehavioralsimulation</spirit:viewNameRef>
            </spirit:wireTypeDef>
          </spirit:wireTypeDefs>
        </spirit:wire>
      </spirit:port>
    </spirit:ports>
    <spirit:modelParameters>
      <spirit:modelParameter xsi:type="spirit:nameValueTypeType" spirit:dataType="integer">
        <spirit:name>CLK_DIV</spirit:name>
        <spirit:displayName>Clk Div</spirit:displayName>
        <spirit:value spirit:format="long" spirit:resolve="generated" spirit:id="MODELPARAM_VALUE.CLK_DIV">499</spirit:value>
      </spirit:modelParameter>
    </spirit:modelParameters>
  </spirit:model>
  <spirit:choices>
    <spirit:choice>
      <spirit:name>choice_list_9d8b0d81</spirit:name>
      <spirit:enumeration>ACTIVE_HIGH</spirit:enumeration>
      <spirit:enumeration>ACTIVE_LOW</spirit:enumeration>
    </spirit:choice>
  </spirit:choices>
  <spirit:fileSets>
    <spirit:fileSet>
      <spirit:name>xilinx_anylanguagesynthesis_view_fileset</spirit:name>
      <spirit:file>
        <spirit:name>ui5640reg.v</spirit:name>
        <spirit:fileType>verilogSource</spirit:fileType>
      </spirit:file>
      <spirit:file>
        <spirit:name>uii2c.v</spirit:name>
        <spirit:fileType>verilogSource</spirit:fileType>
      </spirit:file>
      <spirit:file>
        <spirit:name>uicfg5640.v</spirit:name>
        <spirit:fileType>verilogSource</spirit:fileType>
        <spirit:userFileType>CHECKSUM_eb7be902</spirit:userFileType>
      </spirit:file>
    </spirit:fileSet>
    <spirit:fileSet>
      <spirit:name>xilinx_anylanguagebehavioralsimulation_view_fileset</spirit:name>
      <spirit:file>
        <spirit:name>ui5640reg.v</spirit:name>
        <spirit:fileType>verilogSource</spirit:fileType>
      </spirit:file>
      <spirit:file>
        <spirit:name>uii2c.v</spirit:name>
        <spirit:fileType>verilogSource</spirit:fileType>
      </spirit:file>
      <spirit:file>
        <spirit:name>uicfg5640.v</spirit:name>
        <spirit:fileType>verilogSource</spirit:fileType>
      </spirit:file>
    </spirit:fileSet>
    <spirit:fileSet>
      <spirit:name>xilinx_xpgui_view_fileset</spirit:name>
      <spirit:file>
        <spirit:name>xgui/uicfg5640_v1_0.tcl</spirit:name>
        <spirit:fileType>tclSource</spirit:fileType>
        <spirit:userFileType>CHECKSUM_85212520</spirit:userFileType>
        <spirit:userFileType>XGUI_VERSION_2</spirit:userFileType>
      </spirit:file>
    </spirit:fileSet>
  </spirit:fileSets>
  <spirit:description>uicfg5640_v1_0</spirit:description>
  <spirit:parameters>
    <spirit:parameter>
      <spirit:name>CLK_DIV</spirit:name>
      <spirit:displayName>Clk Div</spirit:displayName>
      <spirit:value spirit:format="long" spirit:resolve="user" spirit:id="PARAM_VALUE.CLK_DIV">499</spirit:value>
    </spirit:parameter>
    <spirit:parameter>
      <spirit:name>Component_Name</spirit:name>
      <spirit:value spirit:resolve="user" spirit:id="PARAM_VALUE.Component_Name" spirit:order="1">uicfg5640_v1_0</spirit:value>
    </spirit:parameter>
  </spirit:parameters>
  <spirit:vendorExtensions>
    <xilinx:coreExtensions>
      <xilinx:supportedFamilies>
        <xilinx:family xilinx:lifeCycle="Production">virtex7</xilinx:family>
        <xilinx:family xilinx:lifeCycle="Production">qvirtex7</xilinx:family>
        <xilinx:family xilinx:lifeCycle="Production">kintex7</xilinx:family>
        <xilinx:family xilinx:lifeCycle="Production">kintex7l</xilinx:family>
        <xilinx:family xilinx:lifeCycle="Production">qkintex7</xilinx:family>
        <xilinx:family xilinx:lifeCycle="Production">qkintex7l</xilinx:family>
        <xilinx:family xilinx:lifeCycle="Production">akintex7</xilinx:family>
        <xilinx:family xilinx:lifeCycle="Production">artix7</xilinx:family>
        <xilinx:family xilinx:lifeCycle="Production">artix7l</xilinx:family>
        <xilinx:family xilinx:lifeCycle="Production">aartix7</xilinx:family>
        <xilinx:family xilinx:lifeCycle="Production">qartix7</xilinx:family>
        <xilinx:family xilinx:lifeCycle="Production">zynq</xilinx:family>
        <xilinx:family xilinx:lifeCycle="Production">qzynq</xilinx:family>
        <xilinx:family xilinx:lifeCycle="Production">azynq</xilinx:family>
        <xilinx:family xilinx:lifeCycle="Production">spartan7</xilinx:family>
        <xilinx:family xilinx:lifeCycle="Production">aspartan7</xilinx:family>
        <xilinx:family xilinx:lifeCycle="Production">virtexu</xilinx:family>
        <xilinx:family xilinx:lifeCycle="Production">zynquplus</xilinx:family>
        <xilinx:family xilinx:lifeCycle="Production">virtexuplus</xilinx:family>
        <xilinx:family xilinx:lifeCycle="Production">virtexuplusHBM</xilinx:family>
        <xilinx:family xilinx:lifeCycle="Production">kintexuplus</xilinx:family>
        <xilinx:family xilinx:lifeCycle="Production">kintexu</xilinx:family>
      </xilinx:supportedFamilies>
      <xilinx:taxonomies>
        <xilinx:taxonomy>/UserIP</xilinx:taxonomy>
      </xilinx:taxonomies>
      <xilinx:displayName>uicfg5640_v1_0</xilinx:displayName>
      <xilinx:definitionSource>package_project</xilinx:definitionSource>
      <xilinx:coreRevision>4</xilinx:coreRevision>
      <xilinx:coreCreationDateTime>2020-03-18T07:33:16Z</xilinx:coreCreationDateTime>
      <xilinx:tags>
        <xilinx:tag xilinx:name="ui.data.coregen.dd@18c093f5_ARCHIVE_LOCATION">m:/zu03a/zu_dp_fmda_video_vitis/zu_prj/uisrc/03_ip/uiov5640cfg</xilinx:tag>
        <xilinx:tag xilinx:name="ui.data.coregen.dd@1cb3afec_ARCHIVE_LOCATION">m:/zu03a/zu_dp_fmda_video_vitis/zu_prj/uisrc/03_ip/uiov5640cfg</xilinx:tag>
        <xilinx:tag xilinx:name="ui.data.coregen.dd@48f1225a_ARCHIVE_LOCATION">m:/zu03a/zu_dp_fmda_video_vitis/zu_prj/uisrc/03_ip/uiov5640cfg</xilinx:tag>
        <xilinx:tag xilinx:name="ui.data.coregen.dd@3b1d287c_ARCHIVE_LOCATION">m:/zu03a/zu_dp_fmda_video_vitis/zu_prj/uisrc/03_ip/uiov5640cfg</xilinx:tag>
        <xilinx:tag xilinx:name="ui.data.coregen.dd@13cf2729_ARCHIVE_LOCATION">m:/zu03a/zu_dp_fmda_video_vitis/zu_prj/uisrc/03_ip/uiov5640cfg</xilinx:tag>
        <xilinx:tag xilinx:name="ui.data.coregen.dd@338d5f3c_ARCHIVE_LOCATION">m:/zu03a/zu_dp_fmda_video_vitis/zu_prj/uisrc/03_ip/uiov5640cfg</xilinx:tag>
        <xilinx:tag xilinx:name="ui.data.coregen.dd@26b51cc6_ARCHIVE_LOCATION">i:/board/MKU040FA/02_example_fdma_ddr/CH04_FDMA_5640/uisrc/03_ip/uiov5640cfg</xilinx:tag>
        <xilinx:tag xilinx:name="ui.data.coregen.dd@247fac0e_ARCHIVE_LOCATION">i:/board/MKU040FA/02_example_fdma_ddr/CH04_FDMA_5640/uisrc/03_ip/uiov5640cfg</xilinx:tag>
        <xilinx:tag xilinx:name="ui.data.coregen.dd@73c41aa2_ARCHIVE_LOCATION">i:/board/MKU040FA/02_example_fdma_ddr/CH04_FDMA_5640/uisrc/03_ip/uiov5640cfg</xilinx:tag>
        <xilinx:tag xilinx:name="ui.data.coregen.dd@370239d_ARCHIVE_LOCATION">i:/board/MKU040FA/02_example_fdma_ddr/CH04_FDMA_5640/uisrc/03_ip/uiov5640cfg</xilinx:tag>
        <xilinx:tag xilinx:name="ui.data.coregen.dd@25249f61_ARCHIVE_LOCATION">i:/board/MKU040FA/02_example_fdma_ddr/CH04_FDMA_5640/uisrc/03_ip/uiov5640cfg</xilinx:tag>
        <xilinx:tag xilinx:name="ui.data.coregen.dd@53fa1e0c_ARCHIVE_LOCATION">i:/board/MKU040FA/02_example_fdma_ddr/CH04_FDMA_5640/uisrc/03_ip/uiov5640cfg</xilinx:tag>
        <xilinx:tag xilinx:name="ui.data.coregen.dd@76bde347_ARCHIVE_LOCATION">i:/board/MKU040FA/02_example_fdma_ddr/CH04_FDMA_5640/uisrc/03_ip/uiov5640cfg</xilinx:tag>
        <xilinx:tag xilinx:name="ui.data.coregen.dd@6d7fd71f_ARCHIVE_LOCATION">i:/board/MKU040FA/02_example_fdma_ddr/CH04_FDMA_5640/uisrc/03_ip/uiov5640cfg</xilinx:tag>
        <xilinx:tag xilinx:name="ui.data.coregen.dd@514c7803_ARCHIVE_LOCATION">i:/board/MKU040FA/02_example_fdma_ddr/CH04_FDMA_5640/uisrc/03_ip/uiov5640cfg</xilinx:tag>
        <xilinx:tag xilinx:name="ui.data.coregen.dd@104960f9_ARCHIVE_LOCATION">i:/board/MKU040FA/02_example_fdma_ddr/CH04_FDMA_5640/uisrc/03_ip/uiov5640cfg</xilinx:tag>
        <xilinx:tag xilinx:name="ui.data.coregen.dd@23d67324_ARCHIVE_LOCATION">i:/board/MKU040FA/02_example_fdma_ddr/CH04_FDMA_5640/uisrc/03_ip/uiov5640cfg</xilinx:tag>
        <xilinx:tag xilinx:name="ui.data.coregen.dd@31e87d1a_ARCHIVE_LOCATION">i:/board/MKU040FA/02_example_fdma_ddr/CH04_FDMA_5640/uisrc/03_ip/uiov5640cfg</xilinx:tag>
        <xilinx:tag xilinx:name="ui.data.coregen.dd@3582f04b_ARCHIVE_LOCATION">i:/board/MKU040FA/02_example_fdma_ddr/CH04_FDMA_5640/uisrc/03_ip/uiov5640cfg</xilinx:tag>
      </xilinx:tags>
    </xilinx:coreExtensions>
    <xilinx:packagingInfo>
      <xilinx:xilinxVersion>2019.2</xilinx:xilinxVersion>
      <xilinx:checksum xilinx:scope="busInterfaces" xilinx:value="177b930c"/>
      <xilinx:checksum xilinx:scope="fileGroups" xilinx:value="3bebea78"/>
      <xilinx:checksum xilinx:scope="ports" xilinx:value="e076d055"/>
      <xilinx:checksum xilinx:scope="hdlParameters" xilinx:value="e283740f"/>
      <xilinx:checksum xilinx:scope="parameters" xilinx:value="80cc2032"/>
    </xilinx:packagingInfo>
  </spirit:vendorExtensions>
</spirit:component>
